Email,Address,Avatar,Avg. Session Length,Time on App,Time on Website,Length of Membership,Yearly Amount Spent
mstephenson@fernandez.com,"835 Frank Tunnel
Wrightmouth, MI 82180-9605",Violet,34.497267725,12.655651149,39.577668020,4.082620633,587.951053968
hduke@hotmail.com,"4547 Archer Common
Diazchester, CA 06566-8576",DarkGreen,31.926272026,11.109460729,37.268958868,2.664034182,392.204933444
pallen@yahoo.com,"24645 Valerie Unions Suite 582
Cobbborough, DC 99414-7564",Bisque,33.000914756,11.330278058,37.110597442,4.104543202,487.547504867
riverarebecca@gmail.com,"1414 David Throughway
Port Jason, OH 22070-1220",SaddleBrown,34.305556630,13.717513665,36.721282678,3.120178783,581.852344035
mstephens@davidson-herman.com,"14023 Rodriguez Passage
Port Jacobville, PR 37242-1057",MediumAquaMarine,33.330672524,12.795188551,37.536653301,4.446308318,599.406092046
alvareznancy@lucas.biz,"645 Martha Park Apt. 611
Jeffreychester, MN 67218-7250",FloralWhite,33.871037879,12.026925340,34.476877629,5.493507201,637.102447915
katherine20@yahoo.com,"68388 Reyes Lights Suite 692
Josephbury, WV 92213-0247",DarkSlateBlue,32.021595501,11.366348310,36.683776153,4.685017247,521.572174758
awatkins@yahoo.com,"Unit 6538 Box 8980
DPO AP 09026-4941",Aqua,32.739142938,12.351958973,37.373358859,4.434273435,549.904146105
vchurch@walter-martinez.com,"860 Lee Key
West Debra, SD 97450-0495",Salmon,33.987772896,13.386235276,37.534497342,3.273433578,570.200408964
bonnie69@lin.biz,"PSC 2734, Box 5255
APO AA 98456-7482",Brown,31.936548618,11.814128295,37.145168224,3.202806072,427.199384895
andrew06@peterson.com,"26104 Alexander Groves
Alexandriaport, WY 28244-9149",Tomato,33.992572775,13.338975448,37.225806132,2.482607771,492.606012718
ryanwerner@freeman.biz,"Unit 2413 Box 0347
DPO AA 07580-2652",Tomato,33.879360825,11.584783000,37.087926071,3.713209203,522.337404607
knelson@gmail.com,"6705 Miller Orchard Suite 186
Lake Shanestad, MO 75696-5051",RoyalBlue,29.532428967,10.961298400,37.420215575,4.046423164,408.640351073
wrightpeter@yahoo.com,"05302 Dunlap Ferry
New Stephaniehaven, MP 42268",Bisque,33.190334044,12.959226092,36.144666700,3.918541839,573.415867331
taylormason@gmail.com,"7773 Powell Springs Suite 190
Samanthaland, ND 44358",DarkBlue,32.387975853,13.148725692,36.619957083,2.494543647,470.452733301
jstark@anderson.com,"49558 Ramirez Road Suite 399
Phillipstad, OH 35641-3238",Peru,30.737720373,12.636606052,36.213763094,3.357846842,461.780742196
wjennings@gmail.com,"6362 Wilson Mountain
Johnsonfurt, GA 15169",PowderBlue,32.125386897,11.733861691,34.894092751,3.136132716,457.847695945
rebecca45@hale-bauer.biz,"8982 Burton Row
Wilsonton, PW 88606",OliveDrab,32.338899323,12.013194694,38.385136594,2.420806161,407.704547550
alejandro75@hotmail.com,"64475 Andre Club Apt. 795
Port Dannytown, PW 63227",Cyan,32.187812046,14.715387544,38.244114594,1.516575581,452.315675480
samuel46@love-west.net,"544 Alexander Heights Suite 768
North Johnview, MT 57912",LightSeaGreen,32.617856063,13.989592556,37.190503800,4.064548550,605.061038805
megan33@gmail.com,"84426 Julia Vista
North Teresa, KY 50756",PeachPuff,32.912785111,11.365492026,37.607792524,4.599937358,534.705743806
agolden@yahoo.com,"PSC 2490, Box 2120
APO AE 15445-2876",Black,33.503087257,12.877983696,37.441021336,1.559151940,419.938774839
vstafford@hotmail.com,"PSC 5723, Box 8159
APO AA 74738",Olive,31.531604483,13.378562784,38.734006290,2.245147787,436.515605729
denise22@hernandez-townsend.com,"USNS Cardenas
FPO AA 85439-9449",Silver,32.903250973,11.657575922,36.772603761,3.919302309,519.340989131
youngbarbara@yahoo.com,"019 Elliott Tunnel Suite 190
Nicholsbury, WV 60804-4440",Wheat,34.507550999,12.893669504,37.635755878,5.705153971,700.917091617
william25@mcconnell.com,"9495 Mary Fall Apt. 777
Glassport, ND 17957-5596",Teal,33.029331954,11.765812645,37.738524946,2.721735992,423.179991681
ijones@schaefer-carr.net,"657 Judith Crossroad
Hancockchester, VI 75658-5788",Linen,33.541231313,12.783891784,36.430649621,4.648199316,619.895639862
heatherhall@yahoo.com,"8522 Regina Port Suite 782
Port Kaitlin, TX 50501-7264",MediumSlateBlue,32.335989637,13.007819424,37.851779169,2.996364526,486.838934765
tinasmith@martinez.info,"40000 Ann Port Suite 474
Youngberg, MS 03651",LemonChiffon,33.110205058,11.982044994,35.293087754,3.923488746,529.537665337
chasejennifer@hotmail.com,"9507 Robert Prairie Apt. 601
East Crystalview, SC 56814",DarkOrchid,33.105437942,11.965020003,37.277811742,4.742577520,554.722083833
jenniferbarnett@gmail.com,"0772 Michael Isle Suite 617
Meyerstown, WA 45449-6768",SeaGreen,33.241900434,12.305417813,36.163648171,3.062368145,497.586671300
jared39@hotmail.com,"739 David Isle Suite 818
Chandlertown, DC 34587",SteelBlue,33.461056296,10.869163814,35.622442421,3.471413452,447.687906536
briancarlson@page-fleming.com,"USCGC Gill
FPO AA 26496",DarkMagenta,32.175501238,13.387492106,35.694174986,4.343062915,588.712605510
joshuaodom@gmail.com,"5277 Patel Brook
East Audrey, NJ 19075",DarkGoldenRod,32.728360003,13.104507243,38.878040507,2.820097234,491.073223680
vickie90@lee-wilson.com,"9135 Rodriguez Dam
Ramirezberg, MS 77223",DarkSeaGreen,32.820309945,11.634893253,35.368626325,4.124585297,507.441832340
duane56@hotmail.com,"24373 Mcgee Drive Apt. 990
New Mariahaven, NH 14470",Gainsboro,33.616037893,11.936386500,38.768640998,3.649286158,521.883573166
enash@gmail.com,"997 Campbell Flat Suite 970
East Amanda, PW 22048",HotPink,31.721652361,11.755023703,36.765722358,1.847370423,347.776926632
sandraharrison@bailey-gordon.net,"7835 Rogers Roads
East Amberhaven, MI 70835-2286",LightSeaGreen,32.865327175,11.984417524,37.044361400,3.452388583,490.738632144
cunninghamwilliam@hotmail.com,"4589 Dan Fords
Beasleyburgh, ME 96590-8272",HoneyDew,32.749368181,9.954975969,37.388314867,4.650491269,478.170334054
teresaallen@hill-leach.info,"1958 Robert Bridge Apt. 250
Malloryland, ID 03393-5336",WhiteSmoke,32.567230480,12.489013216,36.371479814,4.222436225,537.846195270
rhonda96@little.org,"2977 Perez Row
Lake Jack, TN 45336-9436",GhostWhite,32.070546221,11.733106220,37.534291011,4.671275461,532.751787582
lisacabrera@yahoo.com,"9801 Thomas Pike Suite 058
Brandishire, AK 88122-1314",DarkSlateBlue,33.019547986,10.634561318,37.496690146,4.646119977,501.874430284
jasonrichardson@elliott.com,"18372 Matthew Fork Suite 705
North Matthewmouth, KY 99737",Chocolate,33.792039075,12.507525374,37.142861985,4.214495086,591.197178181
hoovernicole@dorsey.net,"69403 Hernandez Knolls
Marciashire, DE 36417-5667",HoneyDew,32.893980622,11.529878206,36.888086054,4.643258550,547.244343416
christopher20@gmail.com,"USNV Fuller
FPO AE 32122-5711",Snow,32.044486127,13.414934736,36.112435011,2.258686387,448.229829187
brianwilson@yahoo.com,"448 Stewart Divide
New Ashleyfort, FM 84050",BurlyWood,34.555767995,12.170525425,39.131096734,3.663105491,549.860590464
gonzaleskatie@gmail.com,"70129 Darrell Spring
Thomasmouth, HI 39319-2739",Moccasin,34.564557706,13.146551433,37.335445894,3.876875177,593.915002968
lsmith@chung.com,"412 Jackson River
Kleinburgh, KS 52039-7404",BlueViolet,32.726784598,12.988510147,36.462003259,4.113226123,563.672873360
dongarcia@hotmail.com,"546 Benjamin Lights Suite 421
Romerofurt, NC 43746-4501",MediumBlue,33.117218733,11.864126359,36.582727765,3.202531199,479.731949086
kimberly46@garcia-nelson.biz,"4066 Gonzalez Dam Apt. 277
West Jessica, TN 36880",GreenYellow,31.661049823,11.398064190,36.594456700,3.198399272,416.358353580
william82@gmail.com,"11143 Park Squares
Samanthatown, UT 97073",SandyBrown,33.256335470,13.858062462,37.780264687,5.976768126,725.584814056
brenda82@maldonado-gonzalez.net,"645 Elizabeth Pass
Williamview, MS 51544",MediumVioletRed,33.900224414,10.956790968,37.266878259,2.952668958,442.667251739
josephgould@west.info,"861 Annette Stream Suite 771
North Miguel, CA 33824-1610",DarkBlue,34.187774827,10.320116255,37.453405102,2.094891706,384.626571569
wbrady@yahoo.com,"044 Riggs Expressway
Lake Stevenchester, AL 22283",SandyBrown,33.762069239,9.984514397,35.933449301,3.855471685,451.457446868
smithtracey@mcgee.com,"PSC 4508, Box 7961
APO AA 55271-2375",DarkOliveGreen,34.390163664,12.645195141,38.468321106,2.874596910,522.404141260
amberchase@fowler.info,"1867 Gregory Isle Suite 022
Port Tammy, LA 52305-9696",GreenYellow,33.925296601,11.588655423,35.252242022,3.392050489,483.673308019
gregoryholmes@hotmail.com,"2891 Martin Plain Suite 197
Melaniestad, NE 65650-8529",DarkSalmon,32.688229296,13.761532847,39.252930950,2.995761183,520.898794450
jeffreydawson@gmail.com,"9944 Trevor Expressway
Robinsonstad, OR 34630-1840",DarkSeaGreen,34.301870215,10.568294686,36.173125632,3.315224754,453.169502355
rjohns@gmail.com,"264 Derek Dam Apt. 680
West Danielle, SD 91517-8611",DeepPink,32.843930223,11.832286223,36.814010563,3.471919137,496.650708069
john85@martin-morgan.com,"USNV Reese
FPO AA 73568-0730",Olive,33.754994728,12.064156632,37.271221693,3.970555628,547.365140594
vcoleman@yahoo.com,"7761 Hughes Curve Apt. 880
Rodriguezberg, MN 96206-5317",SkyBlue,33.879784290,12.495591602,38.052609753,4.639320332,616.851522967
floresarthur@yahoo.com,"12612 Johnson Skyway Suite 764
Jessicaville, CT 14968-6590",Magenta,33.076535607,9.607314688,36.493992547,5.081210092,507.212569001
ryan36@gmail.com,"5379 Rhonda Prairie Apt. 696
Brownland, WA 87027",DarkTurquoise,32.227299136,13.728627177,37.997028010,4.802630631,613.599323369
chris67@ryan.biz,"716 Bush Greens Apt. 098
Trevorton, MA 17817-8000",Silver,32.789772618,11.670065919,37.408748477,3.414688423,483.159720785
katie25@gmail.com,"6861 Lopez Fork Apt. 114
South Jamiechester, DE 63993",SpringGreen,32.772609930,13.276313008,36.600777054,3.462298847,540.263400411
kyang@diaz.org,"223 Love Trail Suite 831
Port Jeffrey, IN 46849",OliveDrab,34.374258045,15.126994289,37.157624094,5.377593584,765.518461939
tadams@contreras.info,"049 Matthew Terrace
Lake Matthew, MS 20210",Aqua,33.078717215,12.695789749,35.358444307,4.001786346,553.601534684
craigcastro@burgess.com,"65407 Warner Forges Suite 071
New Lori, AZ 30132-2395",OrangeRed,32.805220401,11.835476088,36.375066106,3.439590560,469.310861495
ellen24@anthony.com,"PSC 3408, Box 3353
APO AE 05113-1257",LimeGreen,32.430757930,11.306232345,37.680403228,2.779520719,408.620187830
davisrobert@hicks-smith.com,"95967 Pitts Burgs
West Sarah, MH 27817-5147",SkyBlue,32.179099973,11.187538911,40.005181638,3.552649767,451.575685159
walkerlaura@peterson-yates.com,"89154 Jones Stream Suite 311
East Katie, NC 72742-1516",LightGreen,33.154175788,11.887494134,36.265000697,2.602287112,444.966551653
marc54@hotmail.com,"Unit 6174 Box 1949
DPO AP 27478",SandyBrown,34.335895840,12.228934711,36.157191151,4.694322274,595.822836699
gregoryrussell@yahoo.com,"55436 Devon Plain
West Kendraberg, HI 18826-3623",Teal,32.386251856,10.674653473,38.006583179,3.401522345,418.150081097
williamsjohnny@ferguson.info,"51920 Kent Junctions Apt. 352
Walkerport, NY 11257-6647",LightYellow,32.808697593,12.817113090,37.031539217,3.851578800,534.777188099
haydenrebecca@gmail.com,"10022 Wilson Orchard Suite 107
Harrisstad, MH 99272",MintCream,33.879744968,13.587806083,38.260353443,3.258112883,578.241605058
langmatthew@hotmail.com,"606 Perez Drives
Maryside, CO 94387-5877",DimGray,32.049839390,12.238057350,38.730861735,3.120568915,478.719356874
david43@richards.com,"967 Andrew Spurs
Mathistown, CO 28230",Indigo,33.555207421,11.551821166,36.628834293,2.837943164,444.285907498
paulkemp@yahoo.com,"PSC 9698, Box 5466
APO AE 75496-3580",LightSalmon,33.142079327,11.433379933,35.892431634,4.470282584,544.779863719
fbryant@gmail.com,"284 Jennifer Curve
Lake Hollyberg, IN 05228",GreenYellow,32.597182660,10.889566863,38.212570834,4.442054329,488.786061094
kimberlyfrederick@gmail.com,"71299 Jessica Shoals
East Mark, IA 48085-1070",DeepSkyBlue,33.167136877,11.928842094,36.914633311,3.164943995,475.759067788
sharon82@saunders.info,"873 Clay Flats Apt. 810
Lake Kyle, GU 48782",DarkGreen,31.514737858,12.595671305,39.600376466,3.751734552,489.812487996
fishermichael@ramos.com,"565 Duarte Keys Suite 293
Traceytown, IN 17797",LimeGreen,34.594021150,10.947258584,35.883994387,3.159754444,462.897636153
ilawson@hotmail.com,"19018 Christopher Neck Apt. 963
Mcintoshchester, IA 66908-2456",DarkGoldenRod,33.501369822,13.898081993,37.058912817,4.130562809,596.430172617
shafferdaniel@murphy-harris.info,"USCGC Thomas
FPO AP 43708-2468",Turquoise,32.402371018,10.875559548,37.781142560,1.914089924,338.319862642
stevenanderson@yahoo.com,"5401 Holt Corner Apt. 195
Hannahstad, NC 86693-3595",LightGreen,34.655485680,10.338072695,36.157255944,4.396651901,533.514935255
richard16@boyer-pratt.com,"4568 Jeffrey Lane Apt. 512
South Jason, WV 78116-0966",LightSteelBlue,31.809300317,11.634668218,36.182539282,5.113319475,536.771899363
hyoung@jones.info,"73469 Baker Forest Apt. 550
Allenbury, TX 63791",Cornsilk,33.877779300,12.517666287,37.151920661,2.669941624,487.379306017
erik46@hotmail.com,"20711 Martin Harbors Apt. 582
New Justinborough, AK 40834-2664",LemonChiffon,34.447871436,10.607723871,36.819095513,3.366463743,473.728966513
rojasmichael@wagner-thomas.com,"7602 Scott Plaza Apt. 158
Lake Amberland, VI 10516-3276",DarkKhaki,31.956300561,12.828893395,36.951616684,4.571213024,547.125931747
lance88@briggs.com,"16001 Wilkins Island Suite 852
Jonathanfort, AL 88541-7817",FireBrick,32.605583642,12.068816080,36.105000500,3.917451119,505.113343540
anthony09@hotmail.com,"5118 Madden Views Apt. 738
North Barryport, AS 28731-2270",LightSeaGreen,32.491446603,12.530357374,37.875219100,2.476139051,449.070319443
audreyjohnson@rosales.com,"USCGC Nicholson
FPO AE 43987-0470",SlateGray,33.616018553,13.516284297,36.773123494,4.125584363,611.000025104
beth76@yahoo.com,"4522 Paul Heights Suite 851
Adamsland, RI 08981",Crimson,33.471600527,11.662263431,36.050240782,3.997255378,515.828814855
larrywest@davis.com,"21918 Gail Glens
Barbershire, SD 45790-8387",MidnightBlue,33.710653059,13.664747875,37.724386158,1.362674080,439.074766742
raylopez@hotmail.com,"3600 Amber Plains Suite 002
North Jamesburgh, VA 07917",DarkGoldenRod,32.197723797,11.830231095,36.633856702,4.193324636,514.088957747
middletonrenee@gmail.com,"71757 David Freeway Apt. 851
West Carriefurt, NC 27106-3364",DarkCyan,32.461212445,13.291143045,38.633625652,3.871003400,543.340166257
grichardson@ryan.info,"79139 Boone Common
Stewartstad, DE 63633-1812",SteelBlue,33.790387207,11.942340870,38.063413587,4.081802695,521.142951810
esmith@gmail.com,"USS Johnson
FPO AE 35617-5384",OldLace,34.183820521,13.349912944,37.827394228,4.252006106,614.715333826
michael53@munoz.com,"USNS Mitchell
FPO AP 92946",MediumBlue,32.288666909,12.020112091,39.074400211,3.911708668,507.390061790
jacqueline46@mcdonald-smith.biz,"3794 Michael Forest Apt. 750
New Stephenberg, MD 61004-0181",Gray,33.826352009,12.084091731,35.890357956,3.021671822,495.299442547
briannasantana@gmail.com,"88978 Noble Crest
North Rosemouth, FM 53484-6689",LightPink,32.498393075,13.410759185,35.990488955,3.184618662,518.064557984
mark52@yahoo.com,"82227 Farmer Throughway Suite 266
Leeborough, WV 35324",BlanchedAlmond,31.885406300,11.281931074,37.385317553,2.877224878,390.103272972
acampbell@sanchez-velasquez.info,"5791 Jessica Cove
Mckinneyborough, OK 64460-7536",Wheat,32.425697280,11.448901536,37.580190429,2.586967985,420.737673245
qgarcia@williams.com,"465 Kenneth Common Apt. 192
North Tracy, WI 36024-8978",Aqua,33.437829562,12.595420346,36.262031800,2.969640227,492.105052389
jenniferking@hess.net,"06939 Jones Neck
Mariaview, VT 87641",BlueViolet,31.389585481,10.994223919,38.074452420,3.428859904,410.069611060
taylor91@hotmail.com,"3132 Willie Harbor
Kaylafurt, FL 01107",CadetBlue,33.468699949,13.085505760,35.845827114,2.926940235,497.513683329
afry@ford.biz,"399 Jeremy Skyway Suite 377
North Keithville, IL 55074",PaleTurquoise,32.291756100,12.190474287,36.152462089,3.781823039,494.551861087
amandadean@gmail.com,"66880 Mckinney Hills
Matthewchester, MH 88386",DimGray,32.063774620,10.719149741,37.712508639,3.004742536,378.330906907
brenda68@hotmail.com,"0377 Reed Via Apt. 169
Alexandershire, MO 43498",Moccasin,33.155699703,12.931550272,38.166435557,3.854473856,570.451725913
bakerdrew@gmail.com,"39637 Griffin Plain Suite 691
New Deborahview, MP 73870-3773",Chartreuse,33.356874345,13.452128959,38.503008849,3.318822279,549.008226935
connorlambert@yahoo.com,"931 Andrews Heights
South Shelley, NV 21850",Khaki,31.853074802,12.149375492,37.325334224,3.361814624,459.285123462
tknapp@yahoo.com,"15810 Karl Plain
Davidville, TX 64072",MediumSpringGreen,32.012300768,12.178331334,37.715986178,3.722561173,492.945053066
garcialisa@yahoo.com,"46079 Gonzalez Loaf
Williamside, PA 72265",LemonChiffon,32.388451626,11.010482132,38.415041582,3.543547050,424.762635510
josephallen@hotmail.com,"3144 Jamie Rest
Maxwellville, NC 93749-1190",PeachPuff,32.653181459,11.602532193,37.309688771,2.789461516,422.426775877
hailey18@yahoo.com,"08079 Thompson Village
North Lukeborough, AL 16825",Lime,32.931336442,12.732211588,35.600820549,5.485976734,642.101578731
whess@hotmail.com,"29282 Alexander Street
South Andrewmouth, MS 22041",Tomato,33.235606501,11.223368888,37.692300861,2.594189721,413.371783110
josesims@hunter.com,"8830 Debra Loaf Apt. 341
Drakeville, ME 22340",SlateBlue,33.925794895,12.011021877,36.701052316,2.753424169,479.231092912
dtaylor@webb.com,"18219 Jackson Well
Fosterton, MP 85302",Orange,33.059264091,11.725910098,35.999099302,5.004820577,593.077241345
briangonzales@gmail.com,"572 Michelle Motorway Apt. 889
New Craig, ND 17250",Fuchsia,32.401731827,12.089309572,38.309907895,3.873337569,506.547307054
jared99@yahoo.com,"PSC 0811, Box 7054
APO AA 91691",GoldenRod,33.889941007,13.068638584,37.540520355,3.798725319,571.307494875
qchristian@martinez-allen.com,"26737 Brooks Roads
Vincentstad, VA 93089",GreenYellow,34.569381219,12.854990367,35.007482257,3.292797663,576.311177372
ngarcia@donaldson.info,"662 Wells Stravenue Apt. 578
South Kristaview, DC 49423-2452",ForestGreen,33.701605199,11.564022368,37.673210366,4.716104987,576.802547400
scastillo@hotmail.com,"0922 Gutierrez Loaf
Wattsbury, OH 96315",Moccasin,33.268330218,11.113329897,37.387945543,4.018726610,514.239520719
joshua56@garcia.com,"38154 Davis Locks
Lake Stevenfort, KY 86814-9222",Indigo,31.358477192,12.809883473,36.549667990,3.637701280,495.175950449
richard81@day.org,"7955 Samantha Walk Suite 230
North Luis, IL 44629",SlateBlue,33.014792215,11.761172325,37.570163845,3.834169667,514.336558267
jessica97@hotmail.com,"32202 Curtis Branch Apt. 411
Port Brettmouth, KY 01192-0594",Cyan,31.576131971,12.579894174,37.093264870,4.531986607,541.226583989
angelaphillips@gmail.com,"102 Karen Court
New Jameston, SC 57761-6570",MintCream,32.657268595,11.957923065,36.634652329,4.106055152,516.831556684
donald67@harrison.com,"9759 Tammy Skyway Apt. 171
Lake Debra, AS 95011",Lime,34.709323296,10.651793783,37.146006529,3.218265385,468.445737227
zmalone@yahoo.com,"PSC 6717, Box 7673
APO AE 66950-0088",Moccasin,34.536659180,12.752076611,36.714137839,3.283663455,548.280320198
rlindsey@norris.com,"581 Smith Prairie Suite 995
Andersontown, AS 58802",Green,32.771715010,11.540832436,37.526421028,2.924020725,431.617733761
lewisgabrielle@hotmail.com,"422 Rivers Springs Suite 221
North Barbara, WI 51990-7596",LightSkyBlue,33.700400457,11.924394923,37.245032470,3.905250309,552.940345450
kristina69@gmail.com,"2859 Rodriguez Forks
Port Josephtown, OH 13591-3011",BlueViolet,32.439770253,12.424130411,38.948825028,4.920318406,573.306222257
krista86@norton.net,"0537 Rice Village
West Kylieberg, NJ 19433-5090",Azure,34.312166997,11.810586765,37.414133575,2.473596121,452.627254995
chelsea05@hansen.com,"7182 Stephen Fork Suite 150
Port Laurachester, CO 99974-1961",LightGray,32.455176285,12.759168979,36.599112354,4.131276648,542.711558103
jill33@allen.com,"459 Amy Burg
Lake Travis, OR 53314",DarkCyan,33.540976792,11.851890835,37.424547922,1.767730708,407.804030636
welchashlee@hotmail.com,"PSC 8159, Box 3254
APO AP 71071-4890",GreenYellow,33.358398281,12.703687929,36.100914452,2.724108202,482.353570321
dawnlewis@watkins.org,"623 Erica Flat
Lake Josephland, MT 73514",Crimson,32.686129256,12.215252425,36.594361685,3.897115860,529.230090124
ashleychristopher@gmail.com,"9271 Christopher Prairie
Douglasshire, NM 18581",MediumOrchid,34.558294609,11.281445004,36.494406483,2.491671541,433.048769096
acontreras@hotmail.com,"88995 Edwards Row Suite 456
North Jo, DE 02062-7953",Sienna,33.547747944,10.735362918,37.458374731,3.863425442,476.191413349
alvaradoadam@jones-thompson.com,"35970 Holly Key
Port Frank, VT 78059-9385",Aquamarine,31.954903857,10.963131776,37.327282690,3.578633900,439.997879940
thomasgeorge@gonzalez-grant.com,"93306 Donald Greens
New Christopherbury, SC 59447",FloralWhite,31.066218162,11.735094549,36.599373991,3.958892264,448.933293208
solischristina@gmail.com,"43102 Russo View Suite 717
Hollyport, SC 15344",SlateBlue,31.851253129,12.418961981,35.977651707,3.251741770,472.992246667
jacksonboone@rubio.com,"973 Marc Ports
Brownstad, IN 48786-6700",Sienna,32.609282636,10.537307538,35.730552402,3.914384667,463.923512990
kaitlyn78@chang.com,"978 Bean Square
Deanburgh, OR 95149",LimeGreen,32.115119066,11.919242398,39.294043462,1.443515075,350.058200164
francisgeorge@thomas.org,"27563 Vincent Lake
Allenchester, DC 22159",Teal,33.924624810,11.911415557,38.274702196,2.910037917,460.061277391
linda90@yoder.org,"979 Alison Motorway Apt. 676
North Frank, HI 55870-2651",WhiteSmoke,33.477190403,12.488067002,36.518383589,3.345570976,505.771140323
david79@lopez-montes.com,"969 William Manor
West Sherry, MA 66282-2258",Purple,32.116400121,12.380694980,37.232003308,3.089527782,463.484995404
micheleblanchard@lopez-greene.com,"555 Hunt Track Suite 307
South Kristi, PA 73709",SlateGray,32.255901204,10.480506833,37.338669622,4.514122441,479.731937645
pmercado@rodriguez.com,"811 Maria Run
Sanchezville, MI 04953",LightPink,32.692392219,12.296517681,36.951555211,1.825884669,424.185494289
james30@carter.biz,"3604 Richard Junctions Suite 448
Brownburgh, CO 64856-8238",LimeGreen,32.384732659,10.861604199,36.584437622,3.993656513,465.889312711
parkerkayla@miles.com,"170 Andrew Mews
North Susan, NM 85338-2426",DarkSlateBlue,34.338729385,10.716355140,38.307204007,2.652158305,426.775215986
alicia85@lee.com,"14220 Carla Flat Suite 521
Lake Matthew, DE 06183",DimGray,32.887104646,12.387184174,37.431159098,6.401228838,684.163431016
dominguezjacob@hotmail.com,"8594 Erica Manors Apt. 529
Lake Miguel, MH 10652-9266",CornflowerBlue,32.510217994,10.984835888,37.396497475,5.391275125,555.892595388
ebrown@osborne.com,"4291 Nichols Fork Apt. 562
Thomaschester, SC 08938-8769",DarkSlateGray,31.945395748,12.965761480,36.966388896,6.076653638,657.019923938
nathan86@hotmail.com,"748 Michael Plaza
West Billyside, UT 20799",MidnightBlue,36.139662489,12.050267234,36.959643194,3.864860739,595.803818876
aaron11@luna.com,"672 Jesus Roads Apt. 443
Thompsonland, WY 69228",LightSkyBlue,32.449521561,13.457724941,37.238805673,2.941410754,503.978379053
fsnow@ellis.com,"0272 Jones Way
Lake Angela, MP 97003-5793",MediumBlue,32.294641550,12.443047890,37.327848038,5.084861309,586.155870180
asilva@yahoo.com,"USNV Johnson
FPO AP 19026",Wheat,34.603311119,12.207298491,33.913847248,6.922689335,744.221867105
casey21@johnson.com,"691 Johnson Field Apt. 510
Michaelville, VI 78140",SpringGreen,33.598520319,11.586319529,39.094627027,3.604398560,512.825358129
campbellross@yahoo.com,"6218 Michael Station Apt. 982
Salazarburgh, NJ 79955",DarkRed,34.568680846,11.378087088,38.304471192,3.784932110,528.223809368
blevinseric@stephens.com,"PSC 3676, Box 1549
APO AE 26130-7683",Orange,32.838100161,12.364341604,38.039109387,3.309182328,468.913501322
stevenking@patterson.com,"94730 Martin Mount
New Matthew, VI 08142-6708",LightGray,33.503705179,12.399436075,35.012806034,0.968622116,357.591439415
samuel94@hotmail.com,"5480 Vazquez Crossing Suite 825
East Christopherland, PA 42104",DarkViolet,33.301881615,12.542481051,38.311364898,3.768561963,536.423104526
johnsonpaul@keller-woodard.org,"USCGC Dodson
FPO AA 87781-3935",LimeGreen,30.879484344,13.280432243,36.936159378,3.585160635,490.206599985
twilliams@gibbs.net,"Unit 6678 Box 6628
DPO AP 44369",CadetBlue,33.154254757,11.795886677,37.658616909,4.520353377,550.047580576
teresapacheco@salinas.biz,"75805 Larry Mills
East Cristian, MH 53820",DarkMagenta,32.047800979,12.718039175,37.661106684,3.675848800,513.450571186
allison80@carson-hansen.com,"04311 Oconnor Park Apt. 415
Kelleystad, ND 63064-8935",ForestGreen,33.630800768,12.039647841,38.924087051,2.873007509,497.811930006
turnerryan@hotmail.com,"770 Lewis Pike Apt. 869
Phelpsport, PA 93969-4887",LightSkyBlue,34.046638028,12.474455454,35.037856159,4.055775962,578.986258580
walkererica@scott.com,"86536 Barnes Track
South Kyle, MT 21570-5606",MediumAquaMarine,33.644177000,13.160020040,36.407747451,3.015175299,506.536393140
mark94@yahoo.com,"586 Timothy Union Suite 592
East Joseph, MO 81374",Salmon,32.654621607,11.052323653,37.633009417,4.717102513,501.749233308
daniellecuevas@hotmail.com,"9287 Daniel Rest Apt. 608
Allentown, SD 73050",LavenderBlush,33.428747043,10.636761084,37.578835242,2.926396449,421.966794186
gbarnes@gmail.com,"8667 Suzanne Motorway Suite 241
Spencechester, KY 74385-4618",Green,31.864832548,13.443405985,36.878315368,2.361086947,439.891280477
cody68@hotmail.com,"374 Dana Junctions
Langside, WI 36474",SpringGreen,34.482388049,13.283032868,35.907298427,4.968742674,666.125591726
fischermonica@gmail.com,"9847 Michael Plaza Suite 837
Lake Christophershire, NV 87324-8427",Navy,32.529768731,11.747731701,36.939882050,0.801515720,298.762007862
brenda25@gmail.com,"353 Jones Loaf Apt. 767
South Michaelburgh, PR 16281-4840",OliveDrab,33.432231396,10.859608533,38.835670081,3.669225611,465.176623305
david58@yahoo.com,"6058 Thomas Divide
Matthewland, PA 89442-8198",LightSalmon,33.308571616,11.691686126,37.480911976,1.715777167,373.885723697
clifford76@johnson.com,"8032 Hodge Circle Apt. 255
Lake Jessicashire, OR 54914",RosyBrown,32.332637068,11.548761440,38.576515550,4.773503047,532.717485676
jacquelinehughes@bennett-branch.info,"601 Ashley Loop Suite 162
Port Benjaminview, DE 02456",DeepPink,34.713451234,11.724002232,36.813857661,4.087837273,554.900783020
victoria53@hotmail.com,"16329 Sara Neck Apt. 463
Bryanside, TX 62329",Pink,32.635877998,12.178573081,35.674256027,4.131755040,537.773162541
cunninghamkyle@ellis-parker.org,"449 Williamson Lakes Apt. 118
Travisville, AK 06848-0177",LightGreen,33.075703032,12.319845062,37.819155112,3.442799202,501.100245232
jjones@yahoo.com,"047 Carla Locks
Coreymouth, AR 98066",GreenYellow,32.230149116,11.084360837,37.959684320,4.724027440,517.165135594
michaelferguson@torres-miles.net,"757 Amber Gateway Apt. 787
New Stephaniechester, OR 61576-6056",Sienna,34.142863373,13.177774534,38.856041708,3.230973843,557.529273613
crawforderik@price.org,"5183 Michael Ramp
East Lukeburgh, FL 93972",DarkKhaki,32.497198461,12.832802837,37.679244624,2.972271382,493.719192978
jlawson@mccarthy.com,"0127 Morgan Fields Apt. 080
Thompsonfurt, ME 01160-7043",LightGray,33.122399984,11.509047997,37.253057741,3.182329732,452.122625086
marshchristopher@zimmerman-villegas.com,"667 Stephanie Lake Apt. 658
Marthashire, NC 11815-2307",DarkRed,33.088529366,11.857663445,36.086934325,4.806349619,577.273454982
oolson@collins.com,"07867 Horn Lake
West Teresatown, VT 64387-1228",Aqua,32.533796861,12.293365838,37.064621200,3.620364988,485.923130525
isaiahcampbell@yahoo.com,"55414 Ramirez Union Apt. 614
West Crystal, CA 03845-2631",Red,32.484260483,10.933252279,36.545506227,3.261324745,425.745092031
kcannon@alvarez-cline.info,"55479 Peters Field Apt. 702
North Micheleberg, PR 45063",Lavender,32.543459170,13.332839284,37.964390332,3.597459969,537.215052700
nielsencarmen@harrell.net,"2491 Yates Crest Suite 316
Connieville, FL 92080-0819",DeepPink,32.283123061,10.902556227,36.094241953,4.789201624,524.637964614
efreeman@moore.com,"223 Powell Ridges
East Richardtown, RI 90715-2178",White,32.200798644,12.276981713,38.232606227,3.316464745,478.885391320
roblessarah@hotmail.com,"022 Taylor Mews Suite 692
Hallberg, NJ 53614",MediumSeaGreen,34.713316507,12.038808240,37.635299410,4.632460946,612.385229896
christopherhaas@gmail.com,"56674 Melanie Flats
Schneiderberg, IN 66532",MediumPurple,32.712512327,11.724473857,37.153151604,3.308443001,476.766724155
ethomas@yahoo.com,"1279 Douglas Mountains
Port Christopherberg, RI 32811-8325",LightGreen,33.694897651,11.202669900,35.493964080,4.015986640,505.119637528
wevans@gmail.com,"222 Jason Park
Dominguezshire, NC 98241",Tan,31.570200829,13.378063329,36.337800031,4.369366794,545.945492141
patrickorr@yahoo.com,"6009 Heather Park
Howardhaven, SD 51705-2993",LawnGreen,33.459476849,11.388612619,37.909138718,2.566639844,434.021699753
mary84@edwards.com,"19123 Craig Isle Apt. 719
Millsmouth, SC 94194",LightSkyBlue,31.820998202,10.771074063,37.278639794,3.519032434,424.675281013
longwilliam@gmail.com,"16068 Kelly Parks
Wrightside, NH 21447",BurlyWood,32.733224164,11.818571762,37.102031327,1.503854421,352.550108163
lisagutierrez@johnson-herring.net,"89300 Amber Centers Apt. 879
Victoriaton, VT 98394",Peru,32.407148300,13.808798675,37.426768917,5.039955264,662.961087806
david81@hotmail.com,"1576 Lane Shoal
Rogerton, PR 63867-3426",Thistle,33.506092281,11.659832841,37.281392830,4.478712608,560.560160624
jacksonking@mccormick.com,"120 Micheal Fort Apt. 762
East Patrickbury, WY 65946",DarkMagenta,30.836432675,13.100109539,35.907721430,3.361612985,467.501900427
jessica04@christian-riley.com,"338 Graham Loaf Suite 236
East Toddton, FM 43566-4238",LemonChiffon,34.878494954,13.067895685,36.678222274,1.920715478,504.870432393
simmonsmartin@hardy.com,"2302 Joshua Park
Millerbury, WA 30239-8144",MediumVioletRed,34.007211972,12.494322933,36.045459420,4.330714462,590.562719647
michellejohnson@sanders-rodriguez.com,"70562 Gonzalez Stravenue
Elizabethland, WI 40700-9149",Teal,31.525752417,11.340035932,37.039513653,3.811248171,443.965626810
tylerhernandez@barton.info,"7613 Miguel Knoll Suite 762
West Katherine, WV 19406",SlateGray,31.047222139,11.199660962,38.688709099,3.088763958,392.497399189
connerjoseph@gmail.com,"981 David Square
New Jacquelinetown, AK 66018-4092",Turquoise,34.595776694,11.332487778,35.459862797,4.541695257,568.717575931
jeffrey54@mcdonald-williams.com,"297 Francis Valley
South Lindsey, NY 13669-5367",Gainsboro,34.967609887,13.919494396,37.952013187,5.066696864,712.396326810
hevans@kelly-nunez.org,"Unit 4065 Box 2267
DPO AE 69180-7372",Orchid,32.295247626,11.031358340,38.252978273,3.107468683,413.295999181
lewiskendra@yahoo.com,"988 Matthew Plaza
Lake Jacobshire, AL 37889",Yellow,33.324240522,11.084584086,36.776016577,4.746989703,562.082045393
freemantina@cannon.org,"870 Dennis Throughway
Wilsonport, PW 12658",AntiqueWhite,32.903454333,10.542645424,35.533863500,3.091826870,412.012931299
wagnerbrian@hotmail.com,"50593 Wells Roads Apt. 110
South Amy, MI 06969-2026",AliceBlue,32.559493130,11.797795515,37.777365797,3.195625776,468.668465599
melissa08@nelson.com,"15863 Harrington Glens Suite 012
Marystad, LA 50652-8210",Tomato,31.765618821,12.442616548,38.131712026,3.850279639,496.554081636
karina59@gmail.com,"9580 Clark Trail Suite 687
Williamsside, FM 57367",PapayaWhip,34.081646197,12.104542428,36.059645980,3.974522480,548.518529276
baldwinbryan@estrada-silva.biz,"1470 Kathleen Pass
South Christopherberg, SD 22850",MediumSeaGreen,33.304431285,12.378490223,38.764297174,3.843848921,536.130896855
audreyguerrero@carey.com,"1995 Susan Locks Suite 760
East Cheryl, AR 37103-5176",BlueViolet,34.330750444,13.722453676,35.773116391,2.909008460,558.427257175
drew29@hotmail.com,"20888 Erin Via
Grahamville, NH 72913-6101",Tomato,32.078947580,12.725909324,36.544664099,1.139093538,357.863718638
michael00@yahoo.com,"03065 Henry Courts Suite 443
Derekstad, VT 88473",DarkSlateGray,33.605798999,13.685118900,34.891983267,2.685284836,529.056663199
jgray@khan-allen.com,"1416 Rachel Crescent
West Laurieside, IL 81119-7229",Gold,32.745150481,10.012583366,38.354959870,3.108911449,387.357072736
bushsusan@hotmail.com,"20618 David Square
Gayland, HI 78719-9628",Moccasin,32.122364796,11.435533874,36.223557462,4.852842407,528.933618565
charris@gmail.com,"2781 Matthew Wells Apt. 569
Potterview, KS 50763-8282",MediumSeaGreen,32.530829441,12.354607082,37.122345208,2.307552421,420.916159533
longphillip@yahoo.com,"13044 Woods Heights
Andreamouth, ND 52317-6007",LightGreen,31.736635686,10.748533655,35.738707471,4.835528667,496.933446256
madisonalexander@gmail.com,"791 Allen Trafficway Suite 776
Christopherland, DC 41460",Orange,34.117566694,11.591871665,37.743619700,3.678589399,519.372976801
mfoster@brown-white.com,"36192 Ho Spring
New Michael, RI 65851-6369",Cyan,33.636624458,11.236506759,37.675020733,5.254708926,591.437735568
sanchezkara@hotmail.com,"40494 Robert Park
Heatherside, IL 70364",SlateBlue,34.334864533,11.109456333,38.585854757,3.892891480,502.409785303
floresbradley@hotmail.com,"446 Daniel Rest Suite 644
Port Matthewhaven, MN 89465",BlanchedAlmond,34.814983944,12.114944955,36.288723950,4.389455226,604.334840069
lamryan@curtis-garcia.net,"96393 Joshua Rapids
Jonesview, VA 58733",LavenderBlush,34.642669758,11.866481205,37.717770570,4.003325039,555.068394055
alexandra26@summers-davis.com,"Unit 7032 Box 7016
DPO AE 44749-2992",Navy,32.836940767,10.256549031,36.143908456,0.789519908,256.670582290
ocortez@gmail.com,"4800 Ashley Spur Apt. 347
Dannyfort, GA 23352",MediumBlue,32.299647164,12.168596473,37.073616172,4.403369831,547.110982363
melinda39@morton.info,"13693 Cox Falls Apt. 693
Padillaview, PW 28998-0386",Moccasin,31.948017421,13.085356892,37.605652800,2.648596770,461.920876893
lisa94@jackson.com,"40288 Stephens Corner Apt. 221
West Stephanie, OK 55617-4332",CadetBlue,32.727319196,13.013375627,36.651277917,2.367848224,458.376910651
lucastaylor@yahoo.com,"63872 Chavez Lodge
Danielton, NJ 85847",MediumTurquoise,33.946240620,10.983976728,37.951489459,3.050712973,436.283498147
apark@walsh-obrien.net,"28942 Bradford Crescent
New Morganfurt, MD 77162-0478",DarkGreen,32.351478151,13.105158522,35.574841667,3.641497162,532.935218838
dominguezmaria@gmail.com,"1768 Rosales Ford Apt. 793
Lake Markbury, SC 31567",RoyalBlue,34.173752024,12.144748537,37.258031459,3.397363093,512.552534356
jimmy11@hardin.com,"496 Bush Turnpike Apt. 674
Donnabury, OR 32596-0079",DarkGoldenRod,32.975181826,13.909915511,37.792237543,4.297686524,630.422763230
patriciajackson@jenkins.info,"981 Matthew Valley Apt. 621
Lake Tracyburgh, NM 33288-1364",Thistle,32.004753020,11.395209434,37.332814456,3.803364999,463.745981121
rayvanessa@fischer.com,"2583 Mark Springs
Lake Robert, AL 40928",White,34.197059695,13.033566183,37.076795156,2.633419989,493.180216249
gharrison@davis.com,"04140 Cameron Brooks Apt. 724
South Laurenberg, HI 08562",MediumSpringGreen,33.177204666,11.622777173,35.968895690,3.634093727,501.209172682
alexandermichael@hotmail.com,"2086 Lisa View
Ortegabury, MI 43544",WhiteSmoke,32.693239539,12.600750402,37.370118224,3.467014066,501.928264873
christopher66@hotmail.com,"388 Kelly Pike
West Jeffery, DE 44039-7785",BurlyWood,31.625360135,13.187910985,37.067089967,1.494310895,376.336900757
archeremily@baldwin.com,"USCGC Hernandez
FPO AE 53064",YellowGreen,31.260646870,13.266760353,36.971195097,2.267251114,421.326631257
hornesteven@gmail.com,"91425 Roy Trail
Rivaston, NE 34949-2588",White,31.720769900,11.752343172,38.573605226,5.023934201,538.774933478
william28@gmail.com,"16763 Melissa Creek Suite 367
North Keithland, PW 29458",Cyan,32.922610758,11.568116342,36.909378207,2.471750670,398.163468534
karenosborne@yahoo.com,"81814 Pratt Squares Suite 460
North Robert, GU 77741-1307",SlateBlue,32.686245090,12.638572122,36.097220935,4.297737482,571.471034115
chansen@holt.com,"2380 Fisher Neck Suite 233
Brianland, AZ 34453-0625",LightSkyBlue,34.050946759,11.388644575,39.081564746,2.436958876,451.628610540
hallthomas@lane.com,"22630 Bell Centers Suite 030
North Danielport, FM 31756",DarkTurquoise,32.454552538,11.822983298,36.946125782,3.656983927,490.600442500
taylorkimberly@yahoo.com,"0030 Mathis Square Suite 154
South Jadehaven, AR 33997-4450",Gainsboro,31.283447476,12.725677367,35.965667464,5.000243361,591.781089426
clester@yahoo.com,"76778 Underwood Knoll
New Gregory, ID 57323",LightCyan,32.980029198,11.201159766,37.689336979,2.412830961,409.070472053
pvega@hotmail.com,"61629 Johnson Underpass
New Eric, MI 92352-5044",LightCoral,31.909626828,11.347263611,36.323652468,5.314354141,563.446035673
vmartin@yahoo.com,"30242 Rubio Forest
Port Kyleland, VA 18339-5779",Turquoise,34.402409648,14.220979108,37.523196650,4.077775098,647.619455725
andreperez@hotmail.com,"17463 George Ports
East Julianborough, WY 68291",DarkOliveGreen,32.959764311,11.546275760,36.947953693,3.275070681,448.340425011
anntaylor@hotmail.com,"PSC 1634, Box 8167
APO AA 49814",Teal,33.780156763,11.917636183,36.844733815,3.634996006,518.786483092
hickmanelizabeth@yahoo.com,"12641 Greer Track Apt. 183
North Mitchell, IA 77991-6276",DeepPink,32.672943525,12.276056984,37.192793532,3.982471513,523.633935136
halljohn@yahoo.com,"311 Savannah Ramp Suite 245
Carlsonbury, LA 08453-6035",MediumTurquoise,32.728520763,10.131712462,34.845612393,3.287701824,393.857370986
cohensean@yahoo.com,"3751 Green Loaf
New Julia, VT 20897",DarkCyan,33.409922588,12.026942223,36.133894290,2.313349885,426.154547713
jmartinez@anderson.org,"14889 Page Prairie
Dennisville, NV 27982-4210",PeachPuff,31.724202524,13.172287495,36.199753474,3.557813698,503.387887288
cbrady@gonzalez-miller.com,"193 Ashley Plaza Suite 706
Hernandezport, WV 71270-7338",Aqua,32.711119299,12.326291385,36.673878358,3.350279288,482.602467329
pkline@hotmail.com,"PSC 6338, Box 7637
APO AA 22066",MediumTurquoise,33.136655248,13.891313422,39.220712951,2.907094935,524.797627570
martha91@garrison.net,"360 Albert Spring
South Tylerbury, VA 92641-9077",HotPink,34.379394385,12.930928541,36.360247198,3.792711955,574.654843366
maureenlopez@gmail.com,"82537 Alice Centers
Gregland, OR 71749",SeaShell,35.530904146,11.379257182,36.636104119,4.029453828,574.747219662
russellbaldwin@ferrell.info,"295 Michael Keys Apt. 706
Ericfurt, KS 09476",Orange,33.247267950,14.069382336,38.993322451,4.978475793,660.425184291
amandastanley@yahoo.com,"38528 Jerry Valleys Suite 027
Jonesstad, NY 74787-2691",CadetBlue,32.096108994,10.804890558,37.372762146,2.699562055,375.398455410
george02@hotmail.com,"3286 Lynch Field
Henrychester, RI 41833-7902",LightCoral,35.039283065,14.426491050,37.374183505,3.930615327,640.187740009
swilliams@ball-arroyo.com,"450 Samantha Valleys
Collinsborough, KS 37205-9891",Orchid,32.550526574,13.041244588,36.655208084,3.456233824,514.009817849
taylorjared@foster.net,"601 Mitchell Estates Suite 922
Port Daniel, WV 83595",Crimson,32.582493571,11.739743796,36.854810825,2.182016970,376.496840719
keith13@yahoo.com,"81830 Katie Squares
Port Austinland, FL 73522-0761",LightGoldenRodYellow,33.296981925,12.491058738,38.238940853,2.709526627,484.519809111
schmidtdenise@hotmail.com,"06392 Matthew Viaduct Suite 000
Lake Ronald, NY 45787-0181",DarkGoldenRod,33.108336148,12.892374514,36.527388304,4.594116865,614.729637628
jasmin20@salas.com,"634 Nancy Shoals Suite 241
South Barry, AR 52307",HotPink,33.902717794,11.668866515,37.341266161,4.256983290,567.475010527
christophermorrison@mcguire-carter.biz,"90089 Eric Well
Nicoleside, MT 95918",Blue,34.555282587,11.777772040,37.979826860,3.784273087,554.003093430
deborah51@yahoo.com,"4190 Shelton Harbors
North Christopher, RI 60962",Violet,33.732648393,12.138793877,36.853882460,1.623419609,399.983871598
melindahartman@gmail.com,"3761 Jared Mountain
Nicholasport, WY 51181",Pink,31.600512200,12.222967447,36.822753227,3.414506240,479.172851491
sharper@yahoo.com,"239 Bush Fall Apt. 906
Riveraville, KY 88906-3319",SandyBrown,34.318927439,13.402331897,37.292044705,3.606086889,585.931844297
jessicabrewer@simmons.net,"5052 Mccoy Passage Apt. 328
Teresaport, FM 97139",LightBlue,34.006488918,12.956276605,38.655094539,3.275733705,540.995739108
beckycarson@jones-brown.biz,"78787 Mitchell Lights
Matthewville, AZ 30310-0130",Gold,33.540479060,12.884124621,36.226041694,5.007271987,628.047803933
jennifer24@hotmail.com,"46954 Melissa Corner
North Amanda, LA 34844",SteelBlue,34.436425838,13.325469096,36.768603091,3.371258113,582.491923734
jeremy00@yahoo.com,"45442 Barber Key Apt. 882
South Jaclyn, NM 24367-3001",FloralWhite,33.551699138,12.158585234,36.575133776,5.453969475,640.786166398
wellsjuan@schroeder.com,"0338 Francis Junction
Lake Alexstad, NH 14302",Green,31.818616567,11.226545664,35.669935166,3.755869389,446.418673370
gregorystewart@hotmail.com,"232 John Haven Suite 456
Johnsonhaven, VT 90106-0173",PaleGoldenRod,32.363121294,12.461135435,37.745607742,4.664258497,570.630098088
tammyjones@griffin.com,"0859 Audrey Isle
South Zachary, AS 09138",Navy,33.191570884,9.846124909,36.876313233,3.806670949,423.308334097
djohnson@hotmail.com,"5358 Stephen Parkway Suite 894
Kimview, MN 17436-4528",Coral,32.192498828,13.325412186,36.897294609,5.049927475,616.660286017
kenneth27@smith.com,"721 Robert Viaduct Apt. 052
Lake Olivia, MO 93807",DarkGreen,32.607902719,13.677245842,37.744699695,2.871947536,530.362468885
johnathan33@yahoo.com,"836 Amy Villages
Hannahside, RI 09207-2616",LightSteelBlue,32.262003107,11.644969546,37.026876971,3.236732814,442.363117384
carrillojacob@perry-larsen.com,"909 Hicks Mountains
Gabriellaport, MD 33121",Aquamarine,32.271848281,13.485008988,37.550880413,3.086337272,511.979859992
greenelizabeth@edwards.com,"54051 Jenkins View
East Danielshire, IN 32905-7784",DarkViolet,33.795124931,11.620996508,38.419468533,4.559699083,560.443792172
denisemorrow@johnson-james.net,"24458 Hudson Square
Hallside, PA 68038",MediumSpringGreen,31.654809676,13.014459152,37.789036347,3.010209778,475.263423728
wandaphillips@leonard.com,"149 Monica Vista Apt. 908
Jasonberg, TX 19632-8886",OliveDrab,33.077730795,11.466984219,35.675727631,1.809229592,374.269674544
zachary94@gmail.com,"99902 Scott Road
Joyton, MT 46760-7400",Purple,31.312349599,11.684904192,38.717076298,3.594295100,463.591418028
ppowell@gmail.com,"74260 Carly Mews Suite 703
Jonesberg, OR 39594",BlueViolet,32.872738614,12.093966355,36.620773855,3.049195744,471.602884393
bhill@pierce-kane.info,"3324 Branch Squares Suite 221
Riddleton, OK 34594",RoyalBlue,33.708153408,14.325654943,35.721827330,3.634340224,626.018672655
matthewgraves@mills-shaffer.com,"66636 Jason Parkway
Kellyside, NV 67033",DarkSeaGreen,33.908565032,12.914846635,39.068864451,1.482359644,432.472061251
nwagner@yahoo.com,"Unit 2079 Box 7792
DPO AP 47668",AntiqueWhite,32.312909746,9.824401770,35.742779126,2.921350141,356.615567890
jamesfaulkner@hoffman-wolfe.org,"Unit 0474 Box 0661
DPO AP 48938-3469",Blue,34.394326648,12.807751833,38.551030290,1.810079876,467.427848500
phillipscarrie@gmail.com,"625 Andrew Locks
Madisonside, AZ 74068",FloralWhite,32.423304727,13.058277927,37.263875561,3.373104674,503.217393119
samantha84@cortez.com,"960 Miller Union
East Virginiastad, MS 74191-2346",Navy,33.539396347,10.534553499,37.034791289,2.214797519,378.473566448
edward29@knapp.com,"4029 Gerald Cape
South Laurenborough, SC 19130-5133",DarkOrange,33.374016926,11.143433078,35.946399146,5.454463278,584.218313487
hannahgilbert@gmail.com,"6961 Mary Stravenue Suite 857
Hilltown, TX 52813-7703",Aqua,33.794755945,10.982805535,34.810631450,3.201801722,451.727863318
lschroeder@gmail.com,"93101 Shannon Common
South Destiny, ND 30379-2855",Ivory,33.770900098,11.153966055,37.240329552,4.729484542,557.634108996
thomaswendy@yahoo.com,"449 Amanda Tunnel
Joshuahaven, CO 15377",LavenderBlush,31.309192641,11.947175324,36.190833237,3.205529765,432.720717840
fuenteskathryn@schmidt-johnson.org,"839 Heather Cliff
South Blake, SC 90412",Cyan,33.612563355,11.470565005,37.061688766,3.802511439,506.423859970
melissa08@rowe.net,"13799 Cortez Inlet Suite 733
East Stevenshire, AL 32757",Tan,33.398260130,11.037850414,38.617334454,4.116340467,510.159817279
bradleysmith@barber.com,"581 Gilmore Port
Heatherville, MS 20879",PaleVioletRed,33.622591840,11.167356897,35.626587331,5.462500764,587.574799481
morganorozco@hotmail.com,"0001 Mack Mill
North Jennifer, NE 42021-5936",LightPink,30.492536697,11.562936247,35.976564972,1.481616627,282.471245720
johnsonhannah@gmail.com,"634 Robert Hill Apt. 800
Coxtown, OK 32430",Thistle,31.904857131,12.227728280,36.985913476,3.771420132,473.949857423
javier02@landry.net,"Unit 7029 Box 3429
DPO AE 56975",CadetBlue,33.026420353,13.186812873,38.066929602,2.898299578,489.908053098
lmalone@gmail.com,"USS Beasley
FPO AP 50556-7615",AntiqueWhite,32.975192903,13.394451789,37.806977670,3.569046516,541.972203758
brandon77@richardson.com,"109 Jessica Manor
North Patriciashire, PR 84726",GhostWhite,30.816200649,11.851398743,36.925043039,1.084585303,266.086340948
bhamilton@shaw.biz,"036 Mary Drive Apt. 581
Port Brandytown, FL 66143",DarkOrchid,33.914015117,12.266503839,36.575030976,3.023474446,494.687155810
randyrobinson@hotmail.com,"14548 Hayes Isle Apt. 436
Garciaville, IN 65366",DarkGray,33.302672208,13.459222290,36.339521010,5.566384892,689.787604175
ecruz@yahoo.com,"08111 Barry Highway
Bentonberg, GU 13706",Gainsboro,31.912075929,11.792971822,36.257819119,2.395168130,387.534716306
wrightdanielle@gmail.com,"508 May Highway
Port Jacobview, MN 31932",DarkSalmon,32.408558957,10.985740152,37.368391241,3.504833486,441.896631518
deandanny@yahoo.com,"9781 Lopez Spurs Apt. 300
Fitzgeraldborough, MA 89035-4317",Ivory,32.644616906,12.637557159,36.517085764,5.226687713,604.841318821
dblair@gmail.com,"190 Kelley Burg
West Juliaport, IA 35826-8163",MediumSlateBlue,34.102278509,8.508152176,35.462400081,1.838210702,302.189547810
veronicapruitt@hotmail.com,"Unit 7502 Box 8345
DPO AE 53747",Cyan,33.248506203,11.656592034,36.548605155,3.363411394,479.614811673
davischristina@hotmail.com,"49352 Avila Terrace Suite 624
Amandaland, GA 99736",SeaGreen,34.729080166,11.966898077,36.547596277,2.957448757,506.132342438
douglasdunlap@boone-rose.com,"093 Larson Ports
West Kathryn, OK 91243",Purple,30.393184542,11.802985778,36.315763152,2.083814192,319.928869803
david28@wallace-hill.org,"43382 Heather Meadows
New Lisaburgh, WI 19151-0302",LightBlue,33.384110571,12.677401437,35.622530592,3.680847338,528.309225031
williammoore@rose.com,"686 Baker Fords Suite 893
East John, IL 50171-9547",Brown,32.878474366,13.032534976,37.870952054,4.693732058,610.128033130
angela25@walker.com,"456 Eric Views
North Amanda, MS 98876-3102",Chocolate,34.501417853,12.447617454,37.534530241,4.008352235,584.105885049
arice@reynolds.info,"740 Marshall Squares
Davidbury, AL 94251-0846",Thistle,33.566474390,12.235659245,37.277573376,2.532044062,466.421198822
adam75@gmail.com,"9991 Macdonald Squares
Vasquezborough, WY 73586-4597",Purple,32.848792829,10.973162084,36.609507154,2.870986910,404.824528873
charlesgutierrez@hotmail.com,"363 Kathleen Underpass
Ashleyside, PR 98964",MistyRose,33.531860131,13.665769794,36.900220762,3.515688256,564.790969008
codyandrews@hotmail.com,"63010 Reyes Creek Apt. 569
West Catherinetown, MN 67491-6816",Indigo,33.419067345,13.391120179,37.194191046,4.069916619,596.516697973
wheelernancy@hernandez.com,"66340 Michael Lane Suite 878
West Brian, LA 69137-1147",Gold,32.495418774,12.968325611,38.296110373,1.200483857,368.654784947
drew27@ryan-thompson.com,"4475 Lopez Stravenue Apt. 690
Smithchester, NV 84347",PeachPuff,33.674027475,12.968893131,37.333107418,3.229450904,542.412476729
suzanne63@gmail.com,"229 Eric Mountains
New Caleb, PA 00396",LightSalmon,33.264632073,10.732131340,36.145791712,4.086566338,478.262126397
mitchellscott@gmail.com,"3976 Tom Streets Suite 438
Port Davidtown, AL 55334-2369",DarkOrange,32.762455960,10.952353380,37.646291787,4.019470352,473.360495572
laurajimenez@gmail.com,"06103 Erik Fields Suite 781
Jonesmouth, GA 49931-3078",SlateBlue,33.479471602,12.608888794,37.229394516,4.205903890,559.199047954
rogersheather@hamilton-jensen.org,"510 Michele Port
East Angela, HI 23618",MintCream,33.785207206,13.039511025,36.312726572,2.018194629,447.187644305
ievans@hotmail.com,"2064 Poole Groves
North Chrisland, SC 78169",NavajoWhite,33.217187843,10.999683661,38.442766687,4.243812817,505.230068282
john85@rodriguez.info,"57120 Frank Keys
Jerryborough, DC 81028-0939",Tomato,31.128090050,13.278956229,37.387180527,4.626075292,557.252686747
phillipsmark@byrd.net,"6734 Perez Trafficway Suite 395
Nunezland, NC 83245",DarkSeaGreen,33.369517356,10.627949226,38.040313667,3.002957023,422.368736607
elizabeth61@berg-braun.com,"649 King Extension
North April, NY 54175",Lavender,32.837893053,13.185181167,35.921595189,1.823595183,445.062185509
dbenson@simpson.net,"732 Heather Place
North Michael, VT 92527",DodgerBlue,30.574363684,11.351049011,37.088846580,4.078308002,442.064413758
stephaniehill@hotmail.com,"8248 Parker Overpass Apt. 024
Lake Pamela, WY 44322-1735",Wheat,32.274593830,12.954811455,37.108816380,3.689916615,533.040060179
davisbriana@gmail.com,"15298 Erickson Shore Apt. 056
South Patrickfort, MD 16503-3145",MediumVioletRed,33.144234000,11.737040635,37.935189046,2.190132185,424.202827099
kday@gmail.com,"4835 Jessica Walk Suite 205
West Jacob, NH 93681",Magenta,33.485519763,11.887345302,35.862447078,3.206756698,498.635598489
jonathanconner@morales.biz,"920 Anderson Extensions
Greenfurt, GA 19316-3498",SeaShell,31.976480061,10.757130926,36.595867946,1.977007128,330.594446034
anneingram@miller-alexander.com,"4301 Park Lake Apt. 158
Spencertown, SD 45934",HoneyDew,32.133862410,11.612650770,39.248803904,3.349245383,443.441860062
jeffery48@mcguire.com,"52326 Townsend Centers
Lake Williamburgh, NJ 70568-7463",LightCyan,32.302553103,11.979061484,38.269060691,3.532861580,478.600915944
theresamitchell@martin-chambers.biz,"157 Linda Roads
New Jimmyshire, MH 51942",Khaki,31.827979055,12.461147445,37.428997369,2.974736815,440.002747547
christianwade@butler.info,"3687 Sarah Ranch Suite 919
Gainesfort, AK 05665",Crimson,32.018074011,10.079463452,38.070664259,2.618165310,357.783110745
tina16@santiago.com,"314 Kidd Run
Johnfort, KS 46546-2732",White,32.997459002,12.589240561,37.332240747,2.804013693,476.139246873
vancealicia@hotmail.com,"06307 Scott Spurs Suite 161
Jessicaburgh, NH 26093-5908",RoyalBlue,31.816428334,14.288014591,36.773861370,2.964497876,501.122491504
dbell@hotmail.com,"3485 Anthony Street Apt. 119
Mikeberg, FL 32602",DarkViolet,34.461514740,11.917115696,37.766686773,4.350887844,592.688453202
pamelahampton@martin-cobb.com,"91542 Jessica Springs Suite 255
Thomashaven, MT 39239-3790",DarkSeaGreen,32.342796232,11.409644616,35.777782171,3.872432042,486.083425503
mark81@wagner.com,"410 Gonzalez Corners Apt. 187
East Stephenport, VT 22771",Navy,32.302748373,12.815392649,37.957809835,4.615426307,576.025244125
awerner@manning.com,"407 Blake Ways
Port Davidland, WA 78438",Gray,33.066440656,11.673229254,37.840655078,2.727209454,442.722891574
robertramirez@kaiser.com,"1583 Anderson Coves
East Rebecca, NH 27212",Purple,33.894640388,10.610536520,37.977388738,3.537123880,461.790959061
justin26@gmail.com,"32303 Baldwin Causeway
South Robertside, HI 58126",RosyBrown,32.765664588,12.506548190,35.823466666,3.126509490,488.387525780
douglas95@yahoo.com,"395 Summers Courts Apt. 413
Coopermouth, IA 21205-1079",White,33.769812372,11.304462307,37.833971729,5.137816746,593.156401482
qmorse@yahoo.com,"0360 Pearson Dam Suite 263
Lake Shawn, UT 65986-4190",MediumTurquoise,31.812482560,10.886921181,34.897827688,3.128638856,392.810344984
jason50@bates.net,"74839 Michael Plains Suite 356
South Austinshire, ND 40309-1424",Bisque,32.008504518,12.095889485,36.377509034,3.178952405,443.197221029
qeaton@savage.com,"27032 Michelle Forest
Morrowtown, ND 14749",SaddleBrown,33.304336618,12.692661430,37.333590613,3.827375915,535.480775190
tluna@hotmail.com,"01512 Hendricks Rue
East Pamela, PR 46481",YellowGreen,32.189844729,11.386775551,38.197483248,4.808320373,533.396553787
kara33@gmail.com,"5527 Hogan Road
South Jeffreychester, MA 28632",LavenderBlush,34.935605106,10.728418539,36.881192407,4.048510087,532.127449110
thomas22@yahoo.com,"7346 Jennifer Green Suite 148
Wagnertown, MT 65972",IndianRed,33.551650608,11.936895160,35.900252782,4.543332413,558.948112388
david47@hotmail.com,"37216 Krista Drives
West Andrew, DE 70036",DarkKhaki,32.386968675,12.717995102,35.128822353,3.481062133,508.771906742
beasleyjoseph@hotmail.com,"1094 Bentley Forges
Lake Antonio, MA 29181-3664",SaddleBrown,33.344508685,10.969802874,35.974578108,2.627624971,403.766902096
hoffmandaniel@yahoo.com,"922 Hampton Path Suite 198
Port Jasonmouth, FL 46623",Orchid,33.672757887,13.420545742,37.763690403,4.794312263,640.584061898
garnerjustin@king.com,"0833 Brian Canyon Suite 566
Anthonymouth, VT 01329-7541",DarkCyan,34.002070923,11.854681921,37.491892210,2.761861926,461.628278391
francesjohnson@lee.com,"577 Peters Turnpike
Loriport, MA 60572-1669",Aquamarine,32.655397042,11.918859709,35.716269160,2.159676023,382.416107865
awu@robinson.org,"0281 Dale Wells Suite 656
East Joshua, ME 73389",Brown,32.054261851,13.149669558,37.650400203,4.195614413,561.874657669
xevans@hotmail.com,"13164 Miller Camp
South Deannaberg, ID 85433",DarkMagenta,33.228772270,12.685393900,36.048986250,2.139403004,444.576144134
lauriewilson@jackson.com,"389 Joshua Stravenue Apt. 983
Martinezland, MN 29049",Cornsilk,32.077590044,10.347876946,39.045155696,3.434559723,401.033135219
cruiz@yahoo.com,"497 Julian Brook Suite 872
Hillberg, FM 87927-5760",LightSalmon,33.981005580,9.316289204,36.914951545,2.868428182,384.326057138
tammy12@gmail.com,"78297 Brown Street Apt. 786
East Taylorfurt, AK 97246",Chocolate,34.179517568,12.581547730,35.444264696,3.137068975,527.782995756
adamperkins@terrell.com,"2595 James Creek Apt. 571
Millerberg, HI 82236",PaleVioletRed,32.602738980,11.764447589,37.922703810,3.525806412,482.144996876
willie26@johnson-howard.com,"97686 Robertson Cape Suite 607
Port Veronicaside, NE 47293",Wheat,32.030549716,12.644202119,38.001827468,5.038107494,594.274483419
yvaughn@meyer.com,"9863 Dawn Court Suite 429
Lake Connie, MI 12238",OldLace,33.100357751,11.832112231,36.841491638,3.612239152,502.092527902
carolfarley@gmail.com,"51173 Curtis Cliff Apt. 727
Ramoston, DE 32714-4579",SlateBlue,32.990599043,10.441235062,35.938962502,2.895075163,407.657178759
rhonda01@gmail.com,"939 Watson Run
Staceyberg, VT 58376-0454",Orchid,34.385820293,12.729719510,36.232109803,5.705940717,708.935184867
david80@knight.com,"368 Morris Ports Apt. 735
New Lisaville, GA 34271-8632",MediumAquaMarine,34.357196268,9.477777608,37.906014520,5.047022551,531.961550545
aaron04@yahoo.com,"16338 Scott Corner Suite 727
West Alexandra, AR 54429",SeaGreen,33.705112798,10.163179060,37.763041082,4.778973636,521.240780236
kaylahenderson@hotmail.com,"Unit 1609 Box 3480
DPO AA 95185",MediumSpringGreen,32.404295046,11.608997936,38.110456907,2.966558885,447.369027199
mholt@hotmail.com,"486 Adams Hills
North Walter, MS 18124",LightSeaGreen,31.829346456,11.268259231,36.956965425,2.668919773,385.152337988
tanya20@gmail.com,"69279 Stewart Mountains
South Pamela, KS 22541-3414",DarkKhaki,31.366212167,11.163159543,37.088319364,3.620354589,430.588882556
aaron89@gmail.com,"0128 Sampson Loop Suite 943
Hoffmanton, MO 02122",SaddleBrown,31.447446494,10.101632205,38.043452651,4.238296188,418.602742095
hunterlucas@gmail.com,"89301 Kylie Crossroad
Petersonberg, MH 23834",Turquoise,33.582946837,12.761531278,36.908189624,2.479339823,478.951404758
sfarley@jones.com,"0554 Powers Curve
Nathanchester, FL 06878-6336",AntiqueWhite,32.397421944,12.055340161,37.685465487,3.506967574,483.796522061
sarahtran@dixon.com,"770 Katie Walk Apt. 585
Port David, MN 52850",GoldenRod,35.037449962,11.935934967,35.783923745,3.310150347,538.941974531
randywhite@armstrong.biz,"0506 Pitts Forks
Woodsbury, AL 98082-8186",Teal,32.784940233,12.451200012,36.665791369,3.535802468,486.163799067
tsmith@yahoo.com,"92028 Thomas Mountains Suite 044
New Matthew, MI 02429-0994",Bisque,33.971722038,12.284467067,38.295725264,1.130476960,385.095007069
martinezleah@carter.com,"8456 Joseph Locks Suite 926
Christopherport, TN 57784",PaleGreen,33.385990191,12.782171795,35.550772267,3.228717686,527.783789757
steven00@combs.com,"64460 Morris Fords
Gonzalesmouth, MI 40832",RosyBrown,33.556555671,12.960307129,37.951946318,3.345922321,547.190749352
blakekent@smith-pena.com,"3933 Brooke Point
Johnsonburgh, DE 22659-3488",Crimson,33.587373390,9.953995006,37.345738934,3.215666827,410.602943949
amanda03@yahoo.com,"313 Lisa Loop Apt. 543
North Jenniferchester, MN 58819",Brown,34.188184061,13.130021665,35.429334388,3.790552137,583.977801972
brandonsmith@yahoo.com,"62106 Nathan Mountain Suite 505
North Matthewborough, AZ 32092-6122",Gold,33.593963548,11.520566789,36.189131795,3.561215271,474.532329440
thardy@perry.com,"39209 Cooper Neck Apt. 541
Tylermouth, ME 94450",SeaGreen,33.236265722,10.972554314,34.574027587,2.931619535,414.935060652
michael86@yahoo.com,"87270 Garrett Cliffs Suite 361
Brooksberg, MO 26555-2502",LightYellow,33.208919701,13.531913462,38.952462522,3.046540621,550.813367732
ulee@wells.com,"309 Singleton Hollow
Matthewhaven, NJ 68776-7477",LemonChiffon,33.637811676,12.039502370,34.487184748,2.739200467,458.781131684
judithsmith@jimenez.biz,"186 Anthony Route
Gordonview, AS 78120-4633",DarkOrange,33.590485803,10.942069621,36.170494202,2.783963128,407.542168013
nblack@smith-romero.biz,"00615 Tracy Islands
New Marcfort, MO 87297-7431",LightCyan,34.195508031,12.664192623,37.027150365,4.330407444,581.308932880
michaelcampbell@yahoo.com,"96480 White Lane Suite 521
Pattersonhaven, OR 39409-4561",Gray,35.860236513,11.730661394,36.882149082,3.416209978,546.556666863
rcarter@crane-thompson.org,"14064 Frazier Hills Apt. 176
Amyborough, MP 77858-0018",MediumVioletRed,33.481930573,11.918670307,37.317704949,3.336339382,503.175085191
dwhite@gmail.com,"02136 White Grove Suite 418
Marytown, DE 70033",OrangeRed,33.258237834,11.514949067,37.128039498,4.662845304,549.131573287
vancemichelle@gmail.com,"6586 Reginald Crest Apt. 061
North Josephfort, NM 55275",DeepPink,32.319857972,12.418113202,36.155336205,3.222080767,482.830985862
kylemelendez@hotmail.com,"2749 Cunningham Flat Apt. 838
Derekberg, OH 45288",DeepPink,32.430838579,13.887275413,38.381955972,3.772969025,557.608262053
richard35@hale-duncan.net,"33940 Craig Throughway Apt. 334
Martinview, IL 62015-0314",GhostWhite,31.445972483,12.846499067,37.869216936,3.420149530,484.876964935
waltonkaren@gmail.com,"355 Villegas Isle Apt. 070
West Jenniferview, NM 26775-4339",Green,35.742669806,10.889828283,35.565436237,6.115198946,669.987140502
contrerastiffany@gmail.com,"439 Todd Summit Apt. 478
Mooreland, AR 31655",CadetBlue,34.012619461,12.914570094,36.046203518,3.488029991,547.709988578
rogerstiffany@wilson-horne.com,"30700 Justin Ports
Port David, PA 52171-5921",DarkOliveGreen,34.140393428,11.568526642,38.918748541,4.082855279,537.825282296
waltercharles@sanders.net,"291 Stephen Glens Apt. 532
Jacquelineton, NJ 53606-5656",IndianRed,32.377989659,11.971750787,37.199367528,2.829699575,408.216901771
john96@chan-anderson.biz,"04290 Barron Square
Laurenmouth, AS 79917-9544",Snow,33.172331091,13.078692440,37.329818625,5.405406467,663.074817607
bushsharon@barber.com,"0013 Andre Field
Whitebury, AZ 68447-6306",DarkSeaGreen,33.247322203,11.956426485,36.517346120,3.451750710,506.375866750
nicolegay@jennings.com,"50718 Timothy Light
Garciaport, SC 60266-6696",BlueViolet,33.598913339,13.252737094,37.305961420,2.935577274,528.419329695
rchambers@hotmail.com,"53964 Weaver Brook Suite 861
Stevensonshire, NY 18128",OliveDrab,33.085297991,13.093537281,38.315647961,4.750360071,632.123588142
gomezalicia@hotmail.com,"506 Allison Cove Apt. 766
Weeksstad, AS 71308",MediumSpringGreen,32.278443348,12.527471745,36.688366543,3.531402303,488.270297965
potterkenneth@strickland.com,"2559 Harris Pines Apt. 514
Michaelshire, ME 21753-8834",MediumSlateBlue,33.441553045,11.235968954,37.052616308,3.904479380,508.735740951
charlesjackson@brady-fuller.net,"3802 Veronica Causeway
East Patrickfurt, DC 84522",GhostWhite,32.865301209,12.074830168,35.569170317,2.399079790,411.186963574
jacquelinewest@pace-herrera.com,"592 Villanueva Village
Woodsstad, AK 20530",Purple,31.526197898,12.045331980,38.505883329,2.847709026,409.094526192
stevenjohnson@yahoo.com,"PSC 4427, Box 6116
APO AP 87584-5187",SandyBrown,33.000849640,11.230743307,36.995290166,3.781703565,467.800924367
johnsonchelsea@gmail.com,"19270 Velasquez Coves
Boylechester, AZ 51480",LightCyan,32.088380630,11.907844100,35.189122444,4.349778419,512.165866388
jenniferjenkins@jones.com,"USNS Jacobs
FPO AE 71507-1312",LightSalmon,33.265444473,13.052210385,38.775665296,4.574287716,608.271816615
ebutler@rogers-gonzalez.com,"001 Estrada Union
Lewismouth, TN 47360",Chartreuse,32.992573197,13.004362006,36.985041417,4.620416385,589.026489756
ellenlucas@cox.org,"86268 Davis Corner
North Danielview, CT 59551-9382",DarkGoldenRod,33.863188707,11.523522681,35.938045230,3.013032500,444.053826573
elizabethnunez@vasquez-nelson.net,"209 Andrew Viaduct
Port Anna, OR 01627-8037",Cornsilk,32.592093226,10.314717922,36.729029401,4.791108745,493.181261391
ramirezjacob@turner.com,"19704 Kaitlin Flat
West Andrewtown, VI 38642",Magenta,32.381034591,12.433128530,37.626906802,4.334001444,532.724805463
brian51@cook.info,"0508 Terrance Cliff
Rebekahtown, NC 48724-8308",SaddleBrown,31.517121803,10.745188554,38.791234687,1.428823877,275.918420650
victoriajohnson@gmail.com,"2082 Christopher Place Apt. 081
Cynthiahaven, HI 99393-8910",DarkViolet,33.454301926,11.016755637,37.637310961,4.137000388,511.038786051
lawrencewalton@hotmail.com,"584 Patterson Falls
West Alicia, DE 45751",Chocolate,32.215527420,12.216854693,36.953959701,2.910530822,438.417742011
ashleymoreno@gmail.com,"11430 Meza Green Suite 037
Martinezborough, FL 40624-8726",DarkViolet,31.673915503,12.329147021,37.074371067,3.982462319,475.725067910
wesleyvance@moore.com,"210 Johnson Street Suite 717
New Bethanyborough, MO 84817",Magenta,33.717554613,10.806966068,36.012317230,3.701229217,483.543193865
edwardbrown@yahoo.com,"2971 Angela Island
Lake Timothychester, NE 48734-6685",HotPink,33.215471575,12.135101397,37.142093689,5.840505876,663.803693276
youngellen@hotmail.com,"994 Joel Highway Suite 216
New Jessicafort, UT 14179",DodgerBlue,31.574138023,12.941555730,36.725276826,4.560396067,544.409272161
robin80@yahoo.com,"928 Bailey Road
East Mary, DE 11678-5634",Turquoise,33.894570389,13.300299363,36.393683855,4.490002066,630.156728167
dana59@hotmail.com,"31927 Jill Mountain
South Jessica, MN 63418",Blue,33.128692686,10.398457713,36.683392998,3.859817999,461.112248431
bwilliams@hotmail.com,"1549 Walker Passage Apt. 463
West Calvin, AZ 03144",PaleVioletRed,34.370327046,11.887800416,37.861447259,3.046620189,491.911505096
whitetyler@anderson-avery.com,"4547 Stafford Throughway Apt. 178
North Patrick, MD 60768-4837",MidnightBlue,34.080260092,11.591439703,36.456898411,4.652854446,574.415689608
rwilliams@trujillo.biz,"54560 Thompson Creek Apt. 029
New Brianville, FL 84430-8588",BlanchedAlmond,31.425226881,13.271475043,37.239846611,4.022102910,530.766718655
randall85@williams.com,"5086 Morales Islands Apt. 099
New Patricia, IL 78823",Black,33.625307265,12.988220599,39.672590956,3.969417759,581.798797677
kevin45@mathews.net,"02393 Baker Falls
New Georgeport, ND 36338-5110",DodgerBlue,31.862741109,14.039867263,37.022268986,3.738225173,556.298141174
deborah48@white.com,"1693 Gary Mission Suite 479
Lake Kelly, MO 68205",DarkGreen,33.292587307,11.906507762,38.422865293,3.376687500,502.132789227
hoganrichard@george.com,"4929 Michelle Grove
Lake Alexis, MT 92147-1660",BlanchedAlmond,33.749227771,11.137140302,38.401373690,4.595522709,556.186368869
kelly24@lewis.info,"983 Ross Glen
West Jessica, NJ 42860-5757",Bisque,34.144968987,12.902664889,36.611198776,2.223993458,475.071629900
katherinegray@yahoo.com,"685 Sexton Ranch Suite 125
Lake Robertshire, NE 04469-3024",Cyan,31.123974350,12.386516256,35.632112216,4.288486771,486.947053840
efoster@williamson-boyd.org,"4968 Bennett Manors
Rogerschester, IL 81579-8333",Lavender,34.278247880,11.822721746,36.308545294,2.117382542,434.144202026
jordandavid@gmail.com,"61502 Parker Vista Apt. 363
Jonesshire, GU 33532",Violet,33.666615683,10.985763785,36.352502769,0.936497597,304.135591579
sanchezamber@scott-patterson.com,"257 Hunt Manors
South Charlottefort, CT 15033",Fuchsia,32.259973266,14.132893458,37.023479236,3.762070443,571.216004835
tinayoung@hotmail.com,"83995 Owens Course Apt. 747
South Jennifer, NJ 29942",MistyRose,35.433165301,11.912210480,36.089643658,4.000963586,583.079635662
alicia28@fuller.com,"8055 Robinson Brooks Apt. 657
Walterview, KY 83019",CadetBlue,31.967320948,11.481587148,39.240964842,3.532517165,445.749841240
rileyalejandro@gmail.com,"Unit 1475 Box 4215
DPO AE 39546-5591",LightSteelBlue,32.149060522,10.047314735,37.181447311,3.535088428,392.992255914
oliviamarshall@sawyer-sellers.com,"Unit 5934 Box 9748
DPO AA 37361-3043",Brown,33.918844178,12.428736928,37.305361879,4.158214653,565.994363402
hortonrobert@hotmail.com,"31309 Stacey Keys Apt. 979
South Jason, KS 35357",Salmon,33.200616341,11.965980267,36.831535851,3.549036057,499.140152449
montgomerycheyenne@hotmail.com,"1812 Sandra Shoal Apt. 350
Amandamouth, SC 87794-1628",FireBrick,32.536774898,11.121366061,36.979372373,4.129254688,510.539421700
martinkristi@sanchez-coleman.com,"PSC 1893, Box 7023
APO AA 73445",Lime,34.083663302,8.668349517,35.906756366,2.252445963,308.527746558
jefferycampbell@gmail.com,"381 Ashley Locks Suite 366
North Migueltown, TX 09795-0494",GreenYellow,33.025020139,12.504219808,37.645838788,4.051382465,561.516531979
webertom@phelps.com,"189 Crawford Hill Apt. 746
New Madison, WV 14108-4333",DarkOrchid,31.268104211,12.132509112,35.456798149,3.072076141,423.470533174
aschmidt@johnson.biz,"Unit 1743 Box 8085
DPO AE 47693-8164",Blue,32.212923830,11.732991462,35.633953947,4.331863027,513.153111853
lisadelgado@gmail.com,"57993 Jennifer Unions Suite 685
Emilyville, OK 53366-2375",Olive,33.499506101,11.946590885,36.486325072,3.937862643,529.194518865
sharongraves@yahoo.com,"73098 Ronald Port
Cliffordborough, MO 37479-9244",Wheat,32.904853667,12.556107617,37.805509432,0.269901090,314.438518295
flevine@gmail.com,"5292 Melanie Crescent Apt. 064
Fischerborough, NV 85721-5045",AliceBlue,32.204654646,12.480701517,37.680287608,3.279466260,478.584286008
rskinner@johnson-jefferson.com,"24725 Neal Lock
Cynthiaville, NY 51578",OliveDrab,32.675154508,12.594194066,37.683875374,2.571777835,444.582164979
kiarakim@harris.org,"1502 Gonzalez Throughway
Kathrynchester, FM 86014-7194",Linen,32.998387662,10.946841940,37.647808055,3.826030618,475.015407088
rachelrodriguez@lara-waters.com,"35466 Tommy Stream
Port Daniellemouth, KS 68863-6330",LightSlateGray,33.943118579,11.484198694,36.839365833,2.402453833,436.720555856
dbrown@gmail.com,"76666 Kathy Locks
Port Susan, ME 64335",Indigo,33.552108363,11.120870867,36.808376059,4.027813842,521.195310532
mary45@gmail.com,"33213 Tanner Knolls Apt. 519
Whiteborough, OR 37119-7790",Lime,33.676830868,10.971392431,37.722367111,3.629339915,478.183059712
marcusleach@floyd.org,"Unit 3998 Box 4348
DPO AA 37629",SteelBlue,32.641946366,11.588948580,36.322140917,3.189609942,432.481168557
lmunoz@yahoo.com,"2100 Austin Camp Apt. 943
Anthonymouth, WV 24243-3781",Olive,33.421212182,10.706641521,35.766153500,3.393975043,438.303707846
dvasquez@wiley.com,"967 Chloe Springs Suite 554
Lake Ashley, GA 03230",HoneyDew,32.767076081,11.076259341,34.779750502,2.574948470,388.940548792
dylanmartin@hotmail.com,"42644 Helen Keys Apt. 103
Jessicahaven, KS 89406-1960",MidnightBlue,33.119954428,12.953262542,37.034279582,3.472021380,534.771484946
xkaufman@gmail.com,"02342 Melissa Islands
Smithhaven, KS 68335",DarkViolet,35.371876092,10.572466600,36.862183346,4.198349061,537.915752921
jasonhensley@yahoo.com,"97262 Brian Skyway
Lake Marissa, GU 96859",Sienna,33.976082580,11.658036814,37.425278680,2.086348147,407.876378220
gstrong@hotmail.com,"7875 Landry Road Apt. 947
Brownshire, NC 10074-7735",Pink,34.034163531,13.592512658,36.838656786,3.605933918,618.845970424
arnoldsamuel@wilson.com,"949 Tapia Viaduct
Martinezfurt, CT 79271-8205",LightSkyBlue,32.770492159,11.371767361,35.261498116,4.034386130,502.771074565
scottrose@yahoo.com,"50639 Sarah Isle Apt. 268
Yangmouth, MO 05540",SaddleBrown,33.503810382,11.233414954,37.211152581,2.320550250,397.420584096
salazarkaren@hotmail.com,"51173 Burton Wall Apt. 417
Prestonville, NY 37002",SteelBlue,31.874551695,10.290350765,36.929761562,3.491093337,392.285244246
susanibarra@yahoo.com,"426 Scott Radial Apt. 065
Abigailstad, MS 16590-2222",Thistle,32.533239983,14.121783839,38.406329010,5.320093864,689.235699762
nhenry@hotmail.com,"3874 Harper Plaza
North Nancy, ME 96802-9462",BlanchedAlmond,34.851314166,12.415541963,37.672322484,3.130538462,543.132626289
millerrachel@gallagher-nichols.com,"Unit 4742 Box 9517
DPO AE 67219-3123",Turquoise,34.211461281,10.770248917,34.649800047,4.985204971,577.736024851
garciakevin@gmail.com,"845 Colleen Ways
Lake Matthewview, VT 65340-3159",Orange,33.459619318,12.664390525,36.366843247,1.726962043,436.580740348
philliproberson@yahoo.com,"Unit 0373 Box 8981
DPO AA 89902",Beige,34.200539409,12.667808875,37.487049249,3.701622287,553.994673591
kstafford@estes-nguyen.com,"PSC 4856, Box 1297
APO AA 17032-7944",YellowGreen,31.169506799,13.970181074,36.673952739,1.785173945,427.356530802
kennethperry@bowen.org,"272 Frederick Lodge
East Andrew, FL 07414",SlateGray,32.518196814,11.509253454,36.599289087,3.022675760,424.728773929
prussell@lopez.com,"9985 Wolf Pass
Brandimouth, CA 63346",Bisque,34.523019621,11.405770450,36.378271013,4.041244969,541.049830959
mosleyjacob@yahoo.com,"PSC 1790, Box 8872
APO AE 01821-4769",Orange,33.665990322,12.263717676,38.860234430,3.139526935,469.383146172
rhaas@yahoo.com,"4502 Jennifer Prairie Suite 029
Lake Jesse, LA 02328-3633",DimGray,31.609839573,12.710701300,36.166463392,2.562818811,444.545549651
antonioharris@hotmail.com,"4307 Nicholas Drive Apt. 259
Ramirezberg, AS 59832",MediumBlue,33.700885539,13.471577672,37.071643198,2.379076497,492.556833700
austinthomas@gmail.com,"5855 Gross Burgs Suite 169
Ballland, AS 98525",AntiqueWhite,33.811733406,11.186808719,36.298893078,4.301996499,535.321610085
bethsullivan@reed.net,"80500 Mary Corners Apt. 225
Wallsville, ME 80526",Beige,34.336677223,11.246812606,38.682583784,2.094761669,408.958335941
ncummings@yahoo.com,"344 Jessica Stravenue
New Brian, MA 04730-6761",Beige,31.061325157,12.357638107,36.166041633,4.089330841,487.555458058
hking@hotmail.com,"85181 Christian Courts Suite 758
Larryfurt, MS 38722-6766",PeachPuff,33.069768299,11.764325959,36.875025809,3.516051017,487.646231744
annstone@hotmail.com,"543 Reynolds Burg
Melindaberg, KY 46631",LightPink,34.606242453,11.761883804,38.126519798,1.820810618,402.167122224
christopher44@hotmail.com,"549 Anna Avenue
Port Laura, CA 76209-9339",WhiteSmoke,34.238241912,11.550300111,35.769329631,4.183143662,551.023001703
autumn88@mendoza-mills.com,"214 Obrien Lakes Suite 572
South Jeremy, KS 52867-7617",MediumOrchid,32.047814633,12.482669925,35.536024530,3.393902788,497.389557759
dhudson@ramos.net,"5661 Grant Centers
Stevensfurt, CT 53959",Olive,30.971675644,11.731364294,36.074551140,4.426364081,494.638609757
egomez@hotmail.com,"768 Riley Pine Apt. 624
Kellymouth, OK 98992-3108",MistyRose,33.606850823,12.214073746,37.198427823,2.905238361,479.247416784
kimberlyruiz@smith-gordon.com,"503 Adams Pines Apt. 638
North Ashleyside, AZ 34687-6128",DarkRed,33.448125009,11.903756683,36.874543605,2.782757828,462.656518935
mooremichelle@logan.com,"07813 Randy Point
Lake Thomasberg, MO 06013-9920",Pink,33.369380938,12.222483942,36.355234884,3.447017793,515.502479664
aaron22@gmail.com,"38678 Sean Drive Suite 293
Karentown, IA 78306-2717",DarkGray,33.452295280,12.005916371,36.534095671,4.712233579,576.477607170
michelleshepherd@price.com,"6820 Erica Vista Apt. 418
Brightside, IA 50639",Orchid,32.904692445,11.913745153,36.058647603,1.228112423,357.857983605
zscott@wright.com,"9909 Hoffman Ranch Suite 195
Scotthaven, SC 53575",PeachPuff,35.630853861,12.125401968,38.187763681,4.019051427,597.739878879
tracy79@wheeler.net,"513 Moore Crescent Apt. 416
Amandaberg, GU 03655-2219",Magenta,32.246349996,11.305551430,37.133126759,1.707389729,327.377952590
brian28@sanchez.org,"7446 Mary Ferry
Lake Sherryfurt, GA 49066-0207",GhostWhite,34.695591191,11.608997071,37.684877275,3.163091931,510.401388453
leonardhancock@hotmail.com,"64147 Alexander Station Apt. 474
East Jasonview, MN 83788",SeaShell,34.343921908,11.693058197,36.812934126,3.447092896,510.501478475
davidsonkathleen@gmail.com,"70128 Zimmerman Overpass
Robertsshire, VA 59860",DarkBlue,33.680936950,11.201569885,37.835447727,2.208813678,403.819519832
nathan84@lowery.net,"01242 Stephanie Ways Suite 003
Churchville, MO 35617",MediumSeaGreen,32.060914398,12.625432642,35.539142428,5.412357840,627.603318713
kellydeborah@chan.biz,"354 Sanchez Wall Suite 884
Juliabury, VI 39735",DarkTurquoise,33.431097102,13.350631684,37.965971623,2.768851943,510.661792220
lewisjessica@craig-evans.com,"4483 Jones Motorway Suite 872
Lake Jamiefurt, UT 75292",Tan,33.237659984,13.566159613,36.417984796,3.746572973,573.847437716
katrina56@gmail.com,"172 Owen Divide Suite 497
West Richard, CA 19320",PaleVioletRed,34.702528973,11.695736293,37.190267710,3.576525915,529.049004129
dale88@hotmail.com,"0787 Andrews Ranch Apt. 633
South Chadburgh, TN 56128",Cornsilk,32.646776681,11.499409061,38.332576332,4.958264473,551.620145476
cwilson@hotmail.com,"680 Jennifer Lodge Apt. 808
Brendachester, TX 05000-5873",Teal,33.322501051,12.391422991,36.840085730,2.336484668,456.469510066
hannahwilson@davidson.com,"49791 Rachel Heights Apt. 898
East Drewborough, OR 55919-9528",DarkMagenta,33.715980918,12.418808325,35.771016192,2.735159567,497.778642216
